Month,Comunidad Autónoma,Total Paro Registrado,Hombre edad < 25,Hombre edad 25-45,Hombre edad >=45,Mujer edad < 25,Mujer edad 25-45,Mujer edad >= 45,Paro Agricultura,Paro Industria,Paro Construcción,Paro Servicios,Paro Sin empleo Anterior,Poblation,% Total Paro Registrado,% Hombre edad < 25,% Hombre edad 25-45,% Hombre edad >=45,% Mujer edad < 25,% Mujer edad 25-45,% Mujer edad >= 45,% Paro Agricultura,% Paro Industria,% Paro Construcción,% Paro Servicios,% Paro Sin empleo Anterior
Apr,Andalucía,978297,43593,190621,194878,42170,261692,245343,71597,61299,101074,657397,86930,8464411,0.11557768166030691,0.005150151617165093,0.02252029113425612,0.02302322039891494,0.004982035962100612,0.030916740692293887,0.028985241855576247,0.008458592098138902,0.007241968756006767,0.011941055319738136,0.07766600653016495,0.01027005895625815
Apr,Aragón,79214,4269,14028,15627,3851,19993,21446,3591,8990,5444,55588,5601,1329391,0.05958668292473772,0.0032112448482049297,0.010552200217994556,0.0117550066158113,0.0028968151582190642,0.01503921720547228,0.016132198879035588,0.002701236882151301,0.006762495007112279,0.004095108211203476,0.0418146354232878,0.004213207400982856
Apr,Principado de Asturias,83793,3047,16267,18868,2723,20084,22804,1433,7211,7657,60588,6904,1018784,0.08224805258033106,0.002990820429060527,0.01596707447309734,0.018520118101579924,0.0026727942331249803,0.01971369789867136,0.022383547444796936,0.0014065788233816,0.0070780459842321826,0.007515822784810127,0.05947089863994723,0.006776706347959921
Apr,Islas Baleares,72542,4789,15672,13212,4497,19216,15156,828,2986,8198,57532,2998,1171543,0.06192004902935701,0.004087771426230194,0.013377229858400418,0.011277434972510611,0.003838527480425388,0.016402300214332723,0.012936785077457678,0.0007067602298848612,0.0025487754184012027,0.006997609135985619,0.04910788592480174,0.002559018320283592
Apr,Canarias,254981,9645,47987,59819,8571,59514,69445,5087,9842,26374,197385,16293,2175952,0.11718135326514556,0.004432542629616829,0.022053335735347103,0.027490955682845944,0.003938965565416884,0.02735078714971654,0.031914766502202256,0.002337827305014081,0.004523077714949595,0.012120671779524549,0.0907120193827805,0.007487757082876828
Apr,Cantabria,43669,1772,8453,9646,1571,10813,11414,699,3482,3731,32801,2956,582905,0.07491615271785282,0.003039946474983059,0.014501505391101467,0.016548151070929225,0.0026951218466130843,0.01855019256997281,0.01958123536425318,0.001199166244928419,0.005973529134250006,0.006400699942529228,0.056271605150067336,0.005071152246077834
Apr,Castilla-La Mancha,199019,9538,32143,37755,8840,51741,59002,15583,19837,18007,132102,13490,2045221,0.09730928833607713,0.004663554696534017,0.01571614999063671,0.018460107734078614,0.004322271285108064,0.025298488525200943,0.02884871610451878,0.007619225501791738,0.009699196321571115,0.008804427492187886,0.064590574808297,0.006595864212229388
Apr,Castilla y León,166354,7679,29040,36903,6723,38616,47393,8684,15318,12998,115801,13553,2394918,0.0694612508653741,0.0032063728277961917,0.012125676119182369,0.015408878299799826,0.0028071942337900505,0.01612414287253259,0.019788986512273073,0.0036260114124993005,0.006396043622370369,0.005427325695493541,0.0483528037285619,0.005659066406448989
Apr,Cataluña,467810,18857,88979,104691,16566,108080,130637,8526,49903,38706,345370,25305,7780479,0.06012611819914943,0.0024236297019759323,0.011436185355683115,0.013455598299282088,0.002129174823298154,0.013891175594715956,0.01679035442419419,0.001095819421914769,0.0064138724620939145,0.004974757980838969,0.04438929788255967,0.00325237045174211
Apr,Ceuta,11899,632,2168,2114,748,3447,2790,76,471,575,8803,1974,84202,0.14131493313698013,0.007505759958195767,0.025747606945203203,0.025106292012066222,0.008883399444193725,0.04093726989857723,0.03313460487874397,0.000902591387377972,0.005593691361250327,0.006828816417662288,0.10454621030379325,0.023443623666896275
Apr,Comunidad Valenciana,439942,19919,75798,92286,17711,106216,128012,13798,58134,36774,306062,25174,5057353,0.0869905660134857,0.003938621646541185,0.01498768229150704,0.018247885801129564,0.0035020296190517055,0.021002291119484838,0.025312055535771382,0.002728304708016229,0.011494946071591206,0.007271392762182114,0.06051821970900588,0.004977702762690285
Apr,Extremadura,115445,5592,19211,22668,5272,30043,32659,11034,7017,11048,80304,6042,1063987,0.1085022655351992,0.005255703312164528,0.018055671732831322,0.02130477158085578,0.004954947757820349,0.02823624724738178,0.030694923904145445,0.010370427458230223,0.0065950053901034505,0.010383585513732781,0.07547460636267173,0.00567864081046103
Apr,Galicia,191629,4919,35436,44627,4631,47574,54442,6385,21221,16358,134031,13634,2701819,0.07092592064827437,0.0018206252898510225,0.013115608410481976,0.016517390691234313,0.0017140304365318329,0.01760813733266366,0.020150128487511562,0.002363222702927176,0.007854338132939327,0.006054439620122591,0.04960769022647335,0.005046229965811922
Apr,Comunidad de Madrid,405023,16496,74174,86517,15554,98994,113288,2925,23609,34065,321096,23328,6779888,0.05973889244188105,0.0024330785405304632,0.010940298718798895,0.012760830267402648,0.0022941381922533233,0.014601126154296354,0.016709420568599365,0.0004314230559560866,0.0034822109155785465,0.005024419282442424,0.0473600743847096,0.003440764803194389
Apr,Melilla,9350,599,1385,1682,720,2685,2279,63,157,663,6780,1687,87076,0.10737746336533603,0.006879048187789977,0.015905645642886674,0.0193164591850797,0.008268638890164914,0.030835132527906657,0.02617253893150811,0.0007235059028894299,0.0018030226468831825,0.007614038311360191,0.0778630162157196,0.019373880288483622
Apr,Región de Murcia,114208,5628,19538,21823,5545,30419,31255,6704,12502,10136,75671,9195,1511251,0.07557182757860871,0.0037240670146785676,0.012928361999429611,0.014440354381899499,0.0036691456283569042,0.020128357235164773,0.020681541319079358,0.004436059926511215,0.008272616527631744,0.00670702616573951,0.050071761739115477,0.006084363219610773
Apr,Navarra,40442,2125,7718,7753,1966,10502,10378,2068,5210,1990,28021,3153,661197,0.061164826821658295,0.0032138681814950763,0.011672769235190117,0.011725703534650037,0.002973395221091445,0.015883314655087667,0.015695775994143953,0.0031276608938032085,0.007879648576747928,0.003009693026435389,0.042379200147611075,0.004768624177060694
Apr,País Vasco,138643,5617,27291,29797,5077,34339,36522,2764,16730,9475,94462,15212,2220504,0.0624376267730209,0.002529605891275134,0.012290452978242777,0.013419025590586641,0.002286417858288028,0.015464507156933741,0.01644761729769458,0.0012447624503265926,0.007534325540507921,0.004267049282505233,0.042540792540792544,0.0068506969588886125
Apr,La Rioja,18943,734,3258,4120,636,4514,5681,1590,3592,1168,11689,904,319914,0.05921278843689241,0.0022943666110267135,0.01018398694649187,0.012878461086416975,0.0019880342842138825,0.014110042073807335,0.017757897434935638,0.0049700857105347065,0.01122801752971111,0.003650981201197822,0.03653794457260389,0.0028257594228448895
Aug,Andalucía,957727,44504,171714,183664,44549,262380,250916,88202,54945,86653,626609,101318,8464411,0.11314750666053433,0.005257778716085502,0.02028658580024056,0.0216983792493063,0.005263095093090352,0.030998022189612486,0.029643645612199124,0.010420335212928579,0.006491296322921937,0.010237333702250518,0.07402865952515775,0.011969881897275545
Aug,Aragón,76923,4351,12594,15028,3922,19710,21318,4076,8870,4758,52278,6941,1329391,0.05786333742292524,0.0032729272275801476,0.009473510803066968,0.011304424356716723,0.002950223072068338,0.014826337774213907,0.01603591418927915,0.003066065589431552,0.006672228110465619,0.0035790824520400694,0.03932477352411744,0.00522118774687056
Aug,Principado de Asturias,77298,3027,14039,17638,2416,18091,22087,1454,6612,6449,55029,7754,1018784,0.07587280522662311,0.002971189182397839,0.01378015359487389,0.017312796431824606,0.0023714545968527186,0.017757444168734492,0.021679767251939566,0.0014271916323774225,0.006490090146684675,0.0063300954863837675,0.05401439363005308,0.007611034331124164
Aug,Islas Baleares,73753,5043,14924,14130,4568,19152,15936,919,3075,9576,55880,4303,1171543,0.06295372854432146,0.0043045795160741,0.012738755641064818,0.012061016966513393,0.0038991313165628576,0.016347671404293312,0.013602573699812982,0.0007844355691596467,0.0026247436073622565,0.008173835702146656,0.047697779765659476,0.0036729338999934276
Aug,Canarias,257406,9639,45466,59416,8765,61403,72717,5478,9638,23759,199643,18888,2175952,0.11829580799576461,0.00442978521585035,0.020894762384464364,0.027305749391530694,0.004028121943866409,0.028218912917196703,0.03341847614285609,0.0025175187687963706,0.00442932564688927,0.010918898946300286,0.0917497260968992,0.00868033853687949
Aug,Cantabria,38944,1541,6949,8981,1234,9404,10835,669,3223,2989,28847,3216,582905,0.06681020063303626,0.0026436554841698045,0.011921325087278374,0.01540731337010319,0.002116983041833575,0.016132989080553436,0.01858793456909788,0.001147699882485139,0.005529202871823024,0.005127765244765442,0.04948833858004306,0.005517194053919592
Aug,Castilla-La Mancha,185775,8362,26611,33431,8328,50149,58894,14911,17449,13582,124600,15233,2045221,0.09083370452386319,0.004088555711094302,0.0130113078244356,0.01634591078421354,0.004071931590766964,0.024520088538109084,0.0287959100752437,0.007290654652969043,0.008531596340933327,0.006640847126056304,0.06092251155254127,0.007448094851363251
Aug,Castilla y León,155750,7054,25261,32816,6501,37564,46554,8321,14060,10280,107600,15489,2394918,0.06503354185821811,0.0029454035587022187,0.010547751530532569,0.013702348055340517,0.002714497949407871,0.01568487939879361,0.019438661365441322,0.003474440461009521,0.00587076467753802,0.00429242253805767,0.04492846936721842,0.00646744481439448
Aug,Cataluña,480642,19626,87083,104661,17368,116173,135731,9168,50089,36935,354652,29798,7780479,0.06177537398404391,0.0025224668044216813,0.011192498559535987,0.013451742495545583,0.002232253309854059,0.014931342916033832,0.01744506989865277,0.0011783336218759797,0.006437778445260247,0.004747137033593947,0.04558228355863437,0.0038298413246793672
Aug,Ceuta,12893,684,2259,2174,817,3923,3036,85,407,509,9718,2174,84202,0.15311987838768676,0.008123322486401748,0.02682834136956367,0.0258188641599962,0.009702857414313199,0.046590342272155055,0.03605615068525688,0.0010094772095674688,0.00483361440345835,0.006044987054939313,0.11541293555972543,0.0258188641599962
Aug,Comunidad Valenciana,440708,22105,70401,90777,19101,107868,130456,16193,55977,34660,299332,34546,5057353,0.08714202864621078,0.00437086357230749,0.013920523246053815,0.01794950836929912,0.0037768769551977093,0.021328944212515914,0.025795312290836727,0.0032018726001526885,0.01106843837082363,0.006853387532964379,0.0591874840455076,0.006830846096762476
Aug,Extremadura,105459,5151,15817,19921,5077,28006,31487,11773,5898,8351,72055,7382,1063987,0.09911681251744617,0.004841224563833957,0.014865783134568374,0.01872297311903247,0.004771674841891865,0.02632175017175962,0.029593406686359888,0.011064984816543812,0.0055433008110061495,0.007848780107275747,0.06772169208834318,0.00693805469427728
Aug,Galicia,176951,4470,29413,41242,4298,44350,53178,6041,19774,13724,122005,15407,2701819,0.06549328433918038,0.001654440952558258,0.010886369516240725,0.015264531043715364,0.0015907801373815195,0.016414867169118285,0.01968229552016623,0.0022359010725736994,0.007318773019214093,0.0050795408574741685,0.045156614858360235,0.005702454531558184
Aug,Comunidad de Madrid,429798,17433,74850,87701,16872,109994,122948,3062,24470,31370,343263,27633,6779888,0.06339308259959457,0.002571281413498276,0.011040005380619857,0.012935464420651197,0.0024885366837918265,0.01622357183481497,0.01813422286621844,0.0004516298794316366,0.0036092041638445945,0.004626920090715363,0.050629597421078344,0.00407573104452463
Aug,Melilla,9652,600,1382,1658,698,2963,2351,73,157,615,6974,1833,87076,0.11084569801093298,0.006890532408470761,0.015871192980844318,0.01904083788874087,0.008015986035187652,0.034027745877164776,0.0269994028205246,0.0008383481096972759,0.0018030226468831825,0.00706279571868253,0.08009095502779182,0.021050576507878175
Aug,Región de Murcia,119019,6076,20005,22875,5830,31935,32298,9984,12021,9614,76529,10871,1511251,0.07875528287491622,0.004020510160125618,0.013237377510420175,0.01513646641094034,0.0038577311115096037,0.021131499664847203,0.02137169801707327,0.006606447241391404,0.00795433716834596,0.006361616965017723,0.05063950329892255,0.007193378201238576
Aug,Navarra,38970,2231,6841,7251,2107,10331,10209,2130,5186,1780,26068,3806,661197,0.0589385614272297,0.0033741834884308307,0.010346386931580149,0.010966474439539199,0.003186644827487118,0.015624692792012063,0.015440178948180346,0.0032214302242750646,0.007843350771403985,0.0026920872296758757,0.0394254662377476,0.0057562269641271814
Aug,País Vasco,146450,7287,28405,30707,6151,36498,37402,2879,17771,9608,98299,17893,2220504,0.06595349524252152,0.00328168740069822,0.012792140883330992,0.013828842460990838,0.0027700918350068273,0.01643680894067293,0.016843923721821714,0.0012965524943886614,0.008003138026321951,0.0043269455943335386,0.0442687786196287,0.008058080507848668
Aug,La Rioja,18696,714,2930,3988,668,4625,5771,1924,3394,1012,11220,1146,319914,0.0584407059397213,0.00223184980963634,0.009158711403689741,0.01246585019724051,0.00208806116643848,0.01445701032152391,0.01803922304119232,0.006014116293753946,0.010609101195946411,0.0031633501503529073,0.03507192557999962,0.003582212719668411
Jan,Andalucía,806090,32828,135150,162179,33554,215866,226513,60782,48008,73479,543960,79861,8464411,0.09523285199643543,0.003878356095893737,0.01596685227123305,0.01916010458376844,0.003964126978238652,0.025502778633977014,0.02676063343332454,0.0071808894913066015,0.005671747272196494,0.008680934798652853,0.06426436523462767,0.009434915199651813
Jan,Aragón,67635,3265,10407,13685,3108,16935,20235,3754,7742,4389,46335,5415,1329391,0.05087667962247375,0.0024560118129278745,0.007828396611681589,0.010294187338412851,0.0023379126231484943,0.012738915789259894,0.015221255447043044,0.002823849416763014,0.005823719281987015,0.0033015117448515897,0.034854305467691596,0.004073293711180533
Jan,Principado de Asturias,72967,2561,12601,16794,2232,17426,21353,1456,6218,5984,52751,6558,1018784,0.07162165876181802,0.002513781135157207,0.012368666959826616,0.01648435782265917,0.0021908471275559884,0.017104705217200113,0.020959300499418916,0.0014291547570436914,0.00610335458742972,0.005873669001476269,0.05177839463517291,0.0064370857806954175
Jan,Islas Baleares,60855,4194,12086,10871,3810,16181,13713,694,2407,5249,49927,2578,1171543,0.05194431617106671,0.003579894207895058,0.01031630934587975,0.009279215530287835,0.003252121347658601,0.013811699613245097,0.011705076126100365,0.0005923811588648475,0.0020545554025759192,0.00448041599838845,0.04261644685683752,0.0022005167543999666
Jan,Canarias,211164,7304,34693,51626,6431,47332,63778,4716,8370,21405,160452,16221,2175952,0.09704442009750215,0.003356691691728494,0.015943825966749266,0.02372570718471731,0.002955487988705633,0.021752318065839688,0.02931038919976176,0.0021673272204533922,0.0038465922042397994,0.00983707361191791,0.07373875894321198,0.007454668117679066
Jan,Cantabria,38850,1481,6989,8706,1318,9582,10774,723,3073,2841,29446,2767,582905,0.06664893936404731,0.0025407227592832453,0.011989946903869413,0.014935538381039792,0.002261088856674758,0.01643835616438356,0.018483286298796545,0.0012403393348830428,0.005271871059606625,0.004873864523378595,0.05051595028349388,0.004746914162685171
Jan,Castilla-La Mancha,177587,7972,24348,32800,7873,47082,57512,14536,17084,13096,119723,13148,2045221,0.08683022519326762,0.003897867272045417,0.011904825933236555,0.016037386668726755,0.003849461745209931,0.023020495095640033,0.028120188478408935,0.007107300384652807,0.00835313151977219,0.0064032199943184626,0.05853792817499918,0.00642864511952498
Jan,Castilla y León,143905,6238,22472,32959,5499,32393,44344,8322,13287,10619,99085,12592,2394918,0.06008765227034913,0.002604682080973127,0.009383202264127623,0.013762057824109218,0.0022961120171964135,0.013525724054017715,0.018515874029925033,0.0034748580118400714,0.005547997885522594,0.004433972269614241,0.04137302404508213,0.005257800058290096
Jan,Cataluña,393682,15257,66149,90772,13024,88138,120342,8392,44019,30140,287226,23905,7780479,0.0505986842198276,0.001960933253595312,0.008501918712202681,0.011666633892334907,0.0016739329288081107,0.011328094324269752,0.015467171108616834,0.0010785968318917127,0.005657620822574034,0.0038737974872755264,0.036916236134047785,0.0030724329440385352
Jan,Ceuta,11216,587,2005,1992,679,3249,2704,75,461,493,8278,1909,84202,0.13320348685304387,0.006971330847248284,0.023811785943326762,0.023657395311275267,0.00806394147407425,0.0385857818104083,0.032113251466711006,0.0008907151849124724,0.0054749293365953305,0.0058549678154913186,0.09831120400940595,0.0226716705066388
Jan,Comunidad Valenciana,366562,14519,54340,79288,12991,87067,118357,12932,48084,27554,256357,21635,5057353,0.07248099944773481,0.002870869405398437,0.010744751256240172,0.015677766610319666,0.0025687350675343405,0.017215923033254747,0.02340295407498745,0.0025570688856403736,0.009507740511686647,0.005448304676379126,0.050689955793079895,0.004277929580948769
Jan,Extremadura,105228,4883,15745,20656,4649,27559,31736,11374,6182,8476,73822,5374,1063987,0.09889970460165397,0.004589341787070707,0.014798113134840933,0.019413771032916756,0.004369414287956526,0.025901632256785094,0.029827432102083953,0.010689980234720913,0.005810221365486609,0.007966262745691441,0.06938242666498745,0.005050813590767557
Jan,Galicia,167755,4071,27884,40432,3763,40357,51248,6161,18363,13846,116181,13204,2701819,0.0620896514533357,0.0015067626661889638,0.010320454479000998,0.014964733018755142,0.001392765392500386,0.014936973942369937,0.01896796195452027,0.0022803155947900286,0.006796532262153756,0.005124695621727436,0.0430010300467944,0.004887077927870076
Jan,Comunidad de Madrid,350749,13856,57395,76626,12619,83500,106753,2819,21431,27914,276183,22402,6779888,0.051733745454202194,0.002043691577205995,0.008465479075760543,0.011301956610492681,0.0018612401856785835,0.01231583766575495,0.01574554033930944,0.00041578857939836175,0.0031609666708358602,0.004117177156908787,0.04073562867115209,0.0033041843759070945
Jan,Melilla,9332,607,1354,1625,686,2717,2343,65,143,581,6866,1677,87076,0.10717074739308191,0.0069709219532362535,0.01554963480178235,0.018661858606274978,0.007878175387018236,0.031202627589691764,0.026907529055078323,0.0007464743442509991,0.001642243557352198,0.0066723322155358535,0.07885065919426708,0.019259038081675776
Jan,Región de Murcia,102403,4927,15641,19844,4899,27090,30002,7148,10995,8062,67300,8898,1511251,0.06776041835538901,0.003260212896467893,0.01034970365611007,0.013130843255025141,0.0032416851998774525,0.017925546451251315,0.01985242689665714,0.004729856258159631,0.007275429428996242,0.0053346532111475855,0.044532642162023385,0.00588783729506217
Jan,Navarra,33872,1627,5694,6737,1471,8896,9447,1998,4662,1616,22774,2822,661197,0.051228302608753516,0.00246068872060823,0.008611654317850806,0.01018909644175639,0.002224752985872592,0.013454386514155387,0.01428772362851011,0.0030217922948833705,0.0070508486880611985,0.002444052226492256,0.03444359245429123,0.004268016945025461
Jan,País Vasco,117649,4337,21082,26089,4067,28362,33712,2595,14154,7988,79143,13769,2220504,0.05298301646833332,0.0019531601834538465,0.009494240947100299,0.01174913443074185,0.0018315661669602936,0.012772775910333871,0.015182138829743157,0.001168653602965813,0.00637422855351758,0.0035973814953722217,0.03564190832351574,0.006200844492961958
Jan,La Rioja,16352,571,2517,3662,482,3763,5357,1503,3061,922,10015,851,319914,0.051113736816769506,0.001784854679695168,0.007867739454978526,0.011446826334577418,0.0015066549135080052,0.011762536181598804,0.016745125252411584,0.004698137624486581,0.009568196452796688,0.002882024544096226,0.03130528829622961,0.0026600898991603994
Feb,Andalucía,806764,34685,134385,162237,34615,214387,226455,64789,47858,72304,539656,82157,8464411,0.09531247950979696,0.004097745253627216,0.015876473862150596,0.019166956803019136,0.004089475333841894,0.025328047043084275,0.026753781214073843,0.007654283328160695,0.005654026015513661,0.008542118287970657,0.06375588330954156,0.009706168568610386
Feb,Aragón,66972,3399,10111,13386,3147,16773,20156,3630,7617,4179,46024,5522,1329391,0.05037795501850095,0.0025568098475166447,0.0076057382666198286,0.010069272320934925,0.002367249364558659,0.012617055478786903,0.015161829740083994,0.0027305736235614655,0.005729691264646744,0.0031435446757199347,0.034620363760549,0.004153781694023805
Feb,Principado de Asturias,72940,2622,12670,16625,2340,17310,21373,1425,6183,6040,52594,6698,1018784,0.07159515657882339,0.0025736564374784056,0.01243639476081289,0.016318473788359458,0.002296855859534504,0.016990843986556523,0.020978931746081602,0.0013987263247165248,0.006068999905770016,0.005928636492131796,0.05162428934887081,0.006574504507334234
Feb,Islas Baleares,57565,3537,11108,10471,3341,15479,13629,665,2283,5072,47006,2539,1171543,0.04913605390497831,0.0030190953298342444,0.009481512842465022,0.008937785467541525,0.0028517945990885526,0.013212489853125323,0.01163337581292364,0.00056762747931574,0.001948712083124563,0.004329333195623208,0.040123153823632594,0.0021672273232822012
Feb,Canarias,207837,7161,33877,51034,6335,46289,63141,4527,8282,21041,158227,15760,2175952,0.09551543416398892,0.0032909733302940508,0.015568817694507967,0.023453642359757935,0.002911369368441951,0.021272987639433222,0.029017643771553785,0.0020804686868092677,0.003806150135664757,0.009669790510084781,0.07271621800480893,0.007242806826621175
Feb,Cantabria,38873,1528,6883,8682,1349,9512,10919,706,3124,2835,29311,2897,582905,0.06668839690858716,0.002621353393777717,0.011808099089903157,0.014894365291085168,0.002314270764532814,0.01631826798534924,0.018732040383939063,0.0012111750628318507,0.005359363875760201,0.00486357125088994,0.05028435165249912,0.0049699350666060505
Feb,Castilla-La Mancha,175741,8181,23941,32387,7958,46302,56972,14558,16933,12585,118395,13270,2045221,0.08592763324843623,0.0040000567175869995,0.011705825434024,0.01583545250122114,0.0038910220460282776,0.02263911821754226,0.027856158332033556,0.007118057168394027,0.008279300867730186,0.0061533692446928715,0.057888609592801954,0.006488296374817196
Feb,Castilla y León,143723,6315,22002,32549,5740,32547,44570,8119,13080,10207,99473,12844,2394918,0.060011658019188965,0.0026368334949255045,0.009186953373768956,0.013590861983583571,0.0023967417673590495,0.01359002688192247,0.018610240517629415,0.003390095193238349,0.00546156486359867,0.004261941327427494,0.041535033767335666,0.005363022867588786
Feb,Cataluña,395214,15650,65606,90723,13627,88630,120978,8336,43679,29738,288738,24723,7780479,0.05079558726397179,0.0020114442825435296,0.008432128664571936,0.011660336079565282,0.0017514345839118645,0.011391329505548437,0.015548914147830745,0.0010713993315835696,0.005613921713560309,0.0038221297172063573,0.03711056864236765,0.00317756785925391
Feb,Ceuta,11303,618,1964,1997,724,3265,2735,72,448,469,8358,1956,84202,0.13423671646754234,0.007339493123678773,0.023324861642241276,0.023716776323602765,0.008598370585021733,0.0387758010498563,0.03248141374314149,0.0008550865775159735,0.005320538704543835,0.0055699389563193275,0.09926130020664592,0.02322985202251728
Feb,Comunidad Valenciana,366262,15037,53371,78602,13613,86992,118647,13015,47709,27100,256085,22353,5057353,0.07242167987878244,0.0029732945277895374,0.010553149048524,0.015542122529315236,0.0026917243071622643,0.017201093141016654,0.023460296324974744,0.002573480633050531,0.009433591050496178,0.005358534395364532,0.05063617271722975,0.004419901082641453
Feb,Extremadura,105246,5023,15527,20430,4824,27631,31811,11234,6215,8334,73761,5702,1063987,0.09891662210158583,0.004720922342096285,0.014593223413443962,0.01920136242266118,0.004533889981738499,0.025969302256512533,0.02989792168513337,0.010558399679695334,0.0058412367820283514,0.007832802468451212,0.06932509513744059,0.00535908803397034
Feb,Galicia,166229,4032,27273,40133,3816,39888,51087,6029,18297,13613,114987,13303,2701819,0.061524846779151376,0.0014923279464686568,0.01009431053671619,0.01485406683423279,0.0014123818064792645,0.014763387184707783,0.018908372470546695,0.0022314596203520665,0.006772104274934776,0.005038457424424064,0.042559105550741924,0.004923719908698547
Feb,Comunidad de Madrid,352896,14677,57590,76609,13300,83635,107085,2835,21292,27405,278260,23104,6779888,0.052050417352027055,0.00216478502299743,0.008494240612824283,0.01129944919444097,0.0019616843228088725,0.01233574949910677,0.01579450869984873,0.000418148500388207,0.00314046485723658,0.004042102170419335,0.04104197591464638,0.0034077259093365556
Feb,Melilla,9329,619,1335,1641,717,2703,2314,68,147,598,6818,1698,87076,0.10713629473103956,0.007108732601405669,0.015331434608847444,0.01884560613716753,0.00823418622812256,0.031041848500160778,0.02657448665533557,0.0007809270062933529,0.0016881804400753365,0.006867563967109192,0.07829941660158941,0.019500206715972253
Feb,Región de Murcia,101485,5056,15325,19514,4980,26769,29841,6797,10684,7893,66933,9178,1511251,0.06715297458860242,0.0033455726414738517,0.010140605366017954,0.012912481116637805,0.0032952831792997985,0.017713139643910907,0.019745892641262107,0.004497598347329464,0.00706963965615242,0.005222825328155283,0.04428979699599868,0.006073114260966577
Feb,Navarra,33975,1611,5629,6745,1573,8865,9552,1995,4639,1584,22822,2935,661197,0.05138408069002128,0.002436490183712267,0.008513347761710957,0.010201195710204372,0.0023790186585843556,0.01340750184891946,0.014446526526889868,0.0030172550692153777,0.0070160632912732515,0.00239565515270033,0.03451618806497912,0.0044389191118532
Feb,País Vasco,117239,4503,20581,26034,4123,28320,33678,2543,13963,7913,78862,13958,2220504,0.05279837370254681,0.0020279179861869196,0.009268616494273373,0.011724365279233904,0.001856785666677475,0.012753861285545984,0.015166826990629155,0.0011452354960855733,0.006288212045553622,0.0035636053796795682,0.0355153604767206,0.0062859603045074455
Feb,La Rioja,16454,567,2505,3672,505,3808,5397,1557,3052,925,10029,891,319914,0.051432572503860415,0.0017723513194170934,0.007830229374144302,0.011478084735272604,0.001578549235106935,0.011903198984727146,0.016870158855192333,0.00486693298824059,0.00954006389217102,0.002891402064304782,0.03134905005720287,0.0027851235019411467
Jul,Andalucía,958195,44129,173756,183352,43296,262439,251223,99031,54705,84098,623198,97163,8464411,0.11320279698138476,0.0052134755743784185,0.020527831174549534,0.02166151903540601,0.005115063528933083,0.0310049925505744,0.029679915117543323,0.011699691803717943,0.006462942312229404,0.009935481630086252,0.07362567814819011,0.011479003087161056
Jul,Aragón,75785,4145,12479,14891,3771,19332,21167,4034,8796,4713,51649,6593,1329391,0.05700730635305941,0.003117969055003381,0.009387005027113919,0.011201369649711785,0.002836637227121291,0.014541997049776928,0.015922328344332104,0.0030344721756052208,0.006616563524200179,0.003545232365797572,0.03885162454086119,0.004959413746595246
Jul,Principado de Asturias,77633,2959,14246,17753,2385,18187,22103,1419,6679,6599,55435,7501,1018784,0.07620162860822313,0.0029044429437446997,0.01398333699783271,0.017425676100135064,0.002341026164525552,0.017851674152715394,0.021695472249269716,0.0013928369507177185,0.00655585482300468,0.0064773298363539275,0.05441290793730565,0.00736269906084116
Jul,Islas Baleares,71547,4892,14332,13481,4424,18756,15662,912,3002,8659,55020,3954,1171543,0.061070741748275564,0.004175689667387368,0.012233439148200279,0.011507046689707505,0.003776216493974186,0.016009655642174464,0.013368694106831759,0.0007784605430615863,0.002562432620911055,0.0073911072833007406,0.04696370513075491,0.003375036170247272
Jul,Canarias,257649,9640,46199,59184,8618,61535,72473,5312,9647,23434,201042,18214,2175952,0.11840748325330706,0.004430244784811429,0.02123162643293602,0.02719912939256013,0.003960565306587645,0.028279576020059267,0.033306341316352565,0.0024412303212570864,0.0044334617675389895,0.010769539033949279,0.09239266307345015,0.008370589057111555
Jul,Cantabria,39707,1572,7123,9203,1236,9657,10916,675,3283,3023,29573,3153,582905,0.06811916178451034,0.0026968373920278604,0.012219829989449395,0.01578816445218346,0.0021204141326631267,0.016567022070491762,0.018726893747694737,0.001157993154973795,0.005632135596709584,0.005186093788867826,0.05073382455117043,0.0054091146927887045
Jul,Castilla-La Mancha,186107,8432,27079,33732,8168,50151,58545,15931,17604,13425,124358,14789,2045221,0.0909960341694125,0.00412278184118,0.013240133951294262,0.016493083143582037,0.00399370043628537,0.024521066427540105,0.028625268369530724,0.007789378262789205,0.00860738277183737,0.00656408280572124,0.06080418693138785,0.007231003397676828
Jul,Castilla y León,155323,7038,25355,32696,6413,37402,46419,8436,14244,10307,107400,14936,2394918,0.0648552476535731,0.002938722745413413,0.010587001308604302,0.013652241955674474,0.00267775347631944,0.015617236164244454,0.019382292003317023,0.003522458806522812,0.005947594030359286,0.00430369641048253,0.04484495920110835,0.006236539205100133
Jul,Cataluña,469349,19020,84657,102920,16667,112075,134010,9191,49117,35567,346486,28988,7780479,0.06032392093083215,0.002444579568944277,0.010880692564043936,0.013227977352037066,0.002142156029211055,0.014404640125627227,0.01722387529096859,0.0011812897380739668,0.006312850404197479,0.004571312383209312,0.044532733781557664,0.0037257346237937277
Jul,Ceuta,12692,699,2240,2155,790,3850,2958,88,455,517,9474,2158,84202,0.15073276169212133,0.008301465523384243,0.026602693522719174,0.025593216313151708,0.00938219994774471,0.04572337949217358,0.03512980689294791,0.0010451058169639676,0.005403672121802332,0.00613999667466331,0.11251514215814351,0.025628844920548205
Jul,Comunidad Valenciana,435014,21774,69201,89353,18727,106360,129599,16754,54762,32853,296719,33926,5057353,0.08601614322749469,0.00430541431456337,0.013683244970244316,0.017667938148671843,0.0037029252259037485,0.021030764512581977,0.025625856055529445,0.0033128001940936295,0.010828194116566513,0.006496085995974574,0.05867081059993241,0.006708252320927568
Jul,Extremadura,106007,5090,16077,20224,4902,28125,31589,11811,6049,8271,72843,7033,1063987,0.09963185640426057,0.0047838930362870975,0.015110147022473019,0.019007751034552114,0.004607199148109893,0.02643359364353136,0.029689272519307097,0.011100699538622182,0.005685219838212309,0.0077735912186897025,0.06846230264091573,0.00661004316782066
Jul,Galicia,175311,4407,29550,40820,4175,43705,52654,6045,19357,13862,121372,14675,2701819,0.06488628586889054,0.0016311233283946853,0.010937076095771034,0.015108339973921274,0.0015452552521097824,0.01617613911220552,0.01948835210648826,0.002237381556647577,0.007164432554512349,0.005130617558022947,0.044922328253669104,0.005431525946038576
Jul,Comunidad de Madrid,423538,16768,74262,86754,16121,108185,121448,3028,24228,31177,338652,26453,6779888,0.06246976351231761,0.0024731971973578327,0.010953278284243044,0.012795786597064731,0.0023777678923309646,0.01595675326790059,0.017912980273420444,0.00044661504732821544,0.003573510358873185,0.004598453543775354,0.04994949769081731,0.0039016868715235414
Jul,Melilla,9429,575,1363,1659,659,2880,2293,71,155,598,6841,1764,87076,0.10828471679911801,0.006603426891451146,0.015652992787909412,0.019052322109421656,0.007568101428637053,0.033074555560659656,0.026333318021039092,0.0008153796683357067,0.0017800542055216133,0.006867563967109192,0.07856355367724746,0.020258165280904038
Jul,Región de Murcia,117238,5836,20104,22776,5523,31091,31908,10390,11716,9091,75624,10417,1511251,0.07757678903107426,0.0038617013322075552,0.013302886151936377,0.01507095776942414,0.003654588152464415,0.02057302195333535,0.02111363367170642,0.006875098841952793,0.007752517616200089,0.006015546060846279,0.05004066167698152,0.006892964835093575
Jul,Navarra,40048,2306,7376,7428,2036,10560,10342,2350,5537,1763,26748,3650,661197,0.06056893785059521,0.003487614130130657,0.01115552550903891,0.011234170753950789,0.0030792638200112825,0.015971034351335532,0.015641329286128037,0.003554160106594555,0.008374206174559171,0.002666376284223915,0.04045390405582602,0.005520291229391543
Jul,País Vasco,143360,6969,27470,29999,5794,35847,37281,2915,17269,9287,96571,17318,2220504,0.06456191927598419,0.003138476670161369,0.012371065307695911,0.013509995928852188,0.0026093175243097964,0.016143632256460694,0.016789431588504232,0.001312765029921135,0.007777063225285791,0.004182383819168981,0.04349057691406996,0.007799130287538324
Jul,La Rioja,19102,745,3094,4109,663,4678,5813,2202,3430,997,11380,1093,319914,0.05970979700794588,0.0023287508517914187,0.009671349175090806,0.01284407684565227,0.002072431966090887,0.0146226798452084,0.018170508324112104,0.006883099833080141,0.010721631438449083,0.0031164625493101273,0.03557205999112262,0.0034165431959839207
Jun,Andalucía,980096,45703,180598,185618,45588,269653,252936,92607,56978,85380,648584,96547,8464411,0.11579021859878968,0.005399430627836952,0.021336156762709182,0.021929228153028012,0.005385844331046779,0.03185726685530747,0.029882291868861283,0.010940749450847791,0.006731478421829942,0.010086939303868869,0.07662482362919286,0.011406227793050219
Jun,Aragón,76460,4072,12927,14899,3663,19585,21314,3559,8739,4784,53250,6128,1329391,0.05751505764669687,0.003063056692876663,0.00972400144126145,0.011207387442821563,0.002755397020139297,0.014732309756873636,0.01603290529272426,0.0026771657097121914,0.006573686748293016,0.0035986402796468458,0.04005593538695538,0.004609629522089438
Jun,Principado de Asturias,80990,2946,15224,18341,2436,19312,22731,1429,6901,6945,58468,7247,1018784,0.07949673336055534,0.0028916826334139524,0.014943304959638156,0.018002834752018092,0.0023910858435154067,0.018955931777491598,0.022311893394478123,0.0014026525740490625,0.006773761660960518,0.006816950403618432,0.0573899864937023,0.007113382228225021
Jun,Islas Baleares,74293,5016,15466,13509,4589,19747,15966,923,3055,8140,58581,3594,1171543,0.06341465912902898,0.004281532986838725,0.013201393376086067,0.011530946794099746,0.003917056394857039,0.016855548622628447,0.013628180954518955,0.0007878498697871098,0.002607672104224941,0.006948101776887404,0.050003286264353936,0.0030677491137755934
Jun,Canarias,261714,10254,48314,59864,9404,62117,71761,5311,9830,24187,204200,18186,2175952,0.12027563108009735,0.004712420126914564,0.02220361478562027,0.027511636286094546,0.004321786509996544,0.02854704515540784,0.03297912821606359,0.0024407707522960064,0.004517562887416634,0.011115594461642536,0.09384398185254086,0.008357721126201314
Jun,Cantabria,42578,1657,7875,9540,1367,10624,11515,707,3596,3211,31932,3132,582905,0.07304449267033221,0.00284265875228382,0.013509920141360942,0.01636630325696297,0.002345150581998782,0.018225954486580147,0.019754505451145557,0.0012128906082466268,0.00616910131153447,0.005508616326845713,0.054780796184627,0.005373088239078409
Jun,Castilla-La Mancha,187732,8480,27799,34300,8066,50214,58873,14963,18170,13963,126557,14079,2045221,0.09179056933211618,0.004146251187524478,0.013592174146461434,0.016770803741991698,0.003943828075303354,0.024551869944617232,0.028785642236217993,0.007316079778175562,0.00888412548081601,0.006827135062665599,0.06187937636079426,0.006883852649664755
Jun,Castilla y León,165481,8157,27827,34722,7323,39249,48203,8447,15194,11221,115698,14921,2394918,0.06909672899030364,0.0034059621247992623,0.011619186961724785,0.014498199938369498,0.0030577247321202645,0.016388452548270965,0.02012720268501886,0.003527051865658866,0.006344267319382125,0.004685337869605556,0.04830979599301521,0.006230275942641877
Jun,Cataluña,485019,20965,90147,105065,19007,115446,134389,9004,50289,36672,360556,28498,7780479,0.06233793574920002,0.002694564177861029,0.011586304647824381,0.013503667319197186,0.002442908720658458,0.01483790393881919,0.017272586944839772,0.001157255228116418,0.006463483803503614,0.004713334487503919,0.04634110573397859,0.003662756496097477
Jun,Ceuta,12142,670,2226,2106,735,3560,2845,85,475,532,8959,2091,84202,0.14420085033609653,0.007957055651884754,0.02643642668820218,0.025011282392342224,0.00872900881214223,0.04227928077717869,0.03378779601434645,0.0010094772095674688,0.005641196171112325,0.006318139711645804,0.1063988978884112,0.024833139355359732
Jun,Comunidad Valenciana,456796,27139,73937,91045,24205,109662,130808,16291,56677,33399,309153,41276,5057353,0.09032313939723013,0.00536624593932834,0.014619703232105806,0.01800250051756324,0.004786100554974114,0.021683675234851117,0.025864913918407513,0.0032212503260104644,0.011206850698379171,0.006604047611467896,0.06112940900111185,0.008161581760260753
Jun,Extremadura,108558,5035,16580,20457,4761,29119,32606,10928,6381,8549,76265,6435,1063987,0.10202944208904809,0.004732200675384192,0.015582897159457775,0.01922673867255897,0.004474678731976989,0.027367815584212966,0.03064511126545719,0.010270802180853713,0.005997253725844395,0.008034872606526208,0.07167850735018379,0.006048006225639975
Jun,Galicia,184654,4818,32535,42602,4553,46174,53972,6271,20338,14668,128986,14391,2701819,0.06834432654445025,0.0017832430669856123,0.01204188733590222,0.01576789562883376,0.0016851609970912188,0.01708996790680649,0.019976171608830938,0.0023210289068216635,0.007527521273630839,0.005428935098909291,0.04774042968829518,0.005326411576793264
Jun,Comunidad de Madrid,417199,16063,74766,86686,15173,105886,118625,2851,24168,31370,334354,24456,6779888,0.06153479231515329,0.0023692131787427756,0.01102761579542317,0.012785756932857889,0.0022379425736826332,0.0156176621206722,0.017496601713774623,0.0004205084213780523,0.0035646606551612654,0.004626920090715363,0.049315563914920126,0.00360713923297848
Jun,Melilla,9461,554,1409,1666,652,2845,2335,68,151,623,6920,1699,87076,0.10865221186090313,0.006362258257154669,0.016181266939225503,0.019132711654187146,0.00748771188387156,0.03267260783683219,0.026815655289632045,0.0007809270062933529,0.0017341173227984749,0.007154669484128807,0.07947080711102944,0.019511690936653038
Jun,Región de Murcia,115929,5494,19493,22111,5312,31352,32167,9021,12074,9061,75989,9784,1511251,0.07671061921547116,0.003635398752424316,0.012898585344194975,0.014630924975401175,0.003514968724586452,0.02074572655369624,0.021285014865167998,0.005969226819370178,0.007989407451177865,0.0059956949573565215,0.05028218343610691,0.006474106551459685
Jun,Navarra,40464,2270,7495,7552,2011,10683,10453,2301,5579,1818,27267,3499,661197,0.061198099809890244,0.0034331674221147403,0.011335502127202635,0.011421709414894501,0.0030414536061113403,0.016157060603723246,0.01580920663584378,0.0034800520873506688,0.008437727333911073,0.0027495587548037877,0.041238844096388824,0.005291917537435893
Jun,País Vasco,144448,7280,27889,29966,6396,35579,37338,2887,17421,9279,97647,17214,2220504,0.06505189812763229,0.0032785349632335724,0.012559761207365535,0.01349513443794742,0.0028804271462694957,0.016022938936385612,0.016815101436430648,0.0013001552800625444,0.007845516153089569,0.0041787810334950985,0.04397515158720723,0.007752294073777845
Jun,La Rioja,18869,720,3094,4022,624,4552,5857,1834,3463,995,11582,995,319914,0.05898147627174803,0.002250604850053452,0.009671349175090806,0.012572128759604144,0.0019505242033796583,0.014228823996449046,0.018308045287170928,0.005732790687497265,0.0108247841607432,0.0031102108691710897,0.036203479685165386,0.0031102108691710897
 Mar,Andalucía,945333,41002,183513,191384,40105,250500,238829,68941,58276,104286,628660,85170,8464411,0.11168325829168739,0.004844046443396948,0.02168053985091225,0.022610433259916136,0.004738073328433603,0.029594498660332067,0.028215666748696393,0.008144807713141529,0.006884826362992062,0.012320526496173212,0.0742709681748677,0.010062129544512903
 Mar,Aragón,72481,3766,11917,14464,3457,18261,20616,3800,8188,4763,50206,5524,1329391,0.05452195779872137,0.00283287610642768,0.008964255061152062,0.01088016994247742,0.0026004388475625306,0.013736364997205487,0.01550785284389619,0.002858451727144234,0.0061592112478571015,0.0035828435727336804,0.03776616510868511,0.004155286142301249
 Mar,Principado de Asturias,77451,2751,14150,17546,2485,18595,21924,1395,6573,6829,55864,6790,1018784,0.07602298426359268,0.002700277978452744,0.013889107013851808,0.017222492697176243,0.0024391823978389925,0.01825215158463423,0.021519772591638658,0.0013692794547224927,0.006451809215692434,0.006703089172974841,0.05483399817822031,0.006664808241982599
 Mar,Islas Baleares,62769,3926,12706,11402,3790,16838,14107,693,2462,6133,50731,2750,1171543,0.0535780590213078,0.0033511360658550304,0.01084552594313653,0.00973246393858356,0.003235049844521285,0.01437249849130591,0.01204138473790548,0.0005915275837079817,0.0021015020362035366,0.005234976437057795,0.043302721282957604,0.00234733168138088
 Mar,Canarias,227634,8115,39765,54498,7407,52312,65537,4622,8861,23433,174836,15882,2175952,0.10461352088649015,0.0037294021191643933,0.018274759737347147,0.025045589240939137,0.0034040272947197365,0.024040971492018205,0.030118771002301523,0.00212412773811187,0.004072240564130091,0.010769079464988198,0.08034919887938705,0.007298874239872939
 Mar,Cantabria,40642,1610,7460,8999,1445,10069,11059,686,3256,3228,30562,2910,582905,0.0697231967473259,0.0027620281177893483,0.012797968794228905,0.015438193187569157,0.0024789631243513095,0.01727382678137947,0.018972216742007702,0.001176864154536331,0.005585815870510632,0.005537780598896904,0.05243049896638389,0.0049922371569981385
 Mar,Castilla-La Mancha,188012,8752,28781,35926,8329,48731,57493,15252,18278,17034,124168,13280,2045221,0.09192747385245897,0.004279244150143188,0.014072317857092216,0.017565827849410895,0.004072420535482474,0.02382676493151596,0.028110898528814245,0.007457384800957941,0.008936931510091086,0.008328684283996694,0.060711287435440964,0.006493185821972295
 Mar,Castilla y León,152644,6744,25124,34465,5979,35034,45298,8272,13935,11643,105750,13044,2394918,0.0637366289785287,0.002815962801231608,0.01049054706674717,0.014390889374918055,0.002496536415860585,0.01462847579750121,0.018914217522270075,0.0034539804703125534,0.005818570823719225,0.004861544320097807,0.04415600033070026,0.005446533033698857
 Mar,Cataluña,417047,16549,72553,94651,14764,94737,123793,8400,45056,32290,306358,24943,7780479,0.05360171269660904,0.002126989867847468,0.009325004283155316,0.012165189315465025,0.0018975695455254104,0.012176242619509673,0.015910717065106147,0.0010796250462214473,0.005790903105065896,0.00415013008839173,0.03937521070360835,0.003205843753321614
 Mar,Ceuta,11480,619,2041,2044,735,3305,2736,75,445,531,8468,1961,84202,0.13633880430393577,0.007351369326144272,0.024239329232084748,0.024274957839481248,0.00872900881214223,0.039250849148476284,0.03249328994560699,0.0008907151849124724,0.0052849100971473365,0.006306263509180304,0.10056768247785089,0.02328923303484478
 Mar,Comunidad Valenciana,401827,16861,64475,85749,15018,96738,122986,13297,52701,33279,279813,22737,5057353,0.07945401477808649,0.0033339575070199766,0.012748764027347903,0.016955312393657315,0.0029695376217558868,0.019128188204382807,0.024318255023922593,0.002629241027865763,0.010420668677863697,0.006580319783886946,0.05532795515756958,0.004495830130900493
 Mar,Extremadura,112688,5422,18523,22520,5081,28913,32229,11755,6808,11014,77235,5876,1063987,0.10591106846230264,0.005095926923919183,0.017409047290991336,0.021165672136971597,0.004775434286321168,0.0271742041961039,0.030290783627995456,0.011048067316611952,0.006398574418672409,0.010351630236083712,0.07259017262428959,0.0055226238666449875
 Mar,Galicia,174481,4314,29743,41450,4166,42764,52044,5950,19045,14443,121606,13437,2701819,0.06457908542356094,0.0015967020736770302,0.01100850945233563,0.015341516215557,0.0015419241629435576,0.015827855233825804,0.019262578285221918,0.0022022200598929833,0.007048954796749893,0.005345657869753674,0.04500893657199095,0.004973316125173448
 Mar,Comunidad de Madrid,363760,14679,61377,78979,13487,87027,108211,2858,21664,28873,287492,22873,6779888,0.05365280370413199,0.0021650800131211606,0.009052804412108283,0.011649012491061799,0.0019892658993776887,0.012836052748953965,0.01596058813950909,0.00042154088681110955,0.003195333020250482,0.004258624921237637,0.04240365032578709,0.0033736545500456646
 Mar,Melilla,9200,605,1319,1648,725,2638,2265,66,149,613,6682,1690,87076,0.10565483026321834,0.006947953511874684,0.01514768707795489,0.018925995681933025,0.008326059993568837,0.03029537415590978,0.026011759841977122,0.0007579585649317837,0.0017111488814369057,0.007039827277320961,0.07673756258900272,0.019408332950525978
 Mar,Región de Murcia,107312,5247,17272,20646,5216,28536,30395,6757,11468,9297,70658,9132,1511251,0.07100872058976306,0.0034719580003586435,0.011428941982503238,0.013661529421651334,0.003451445193419227,0.018882369639457643,0.02011247635237297,0.00447113020934312,0.007588415160684757,0.006151856971475949,0.04675464234597694,0.006042675902282281
 Mar,Navarra,37365,1807,6883,7301,1773,9677,9924,2112,4844,1808,25577,3024,661197,0.056511145694853424,0.002732922260687813,0.010409908090932053,0.011042094867339083,0.0026815003697838917,0.014635577596389579,0.015009142509721006,0.0031942068702671064,0.0073261070452527765,0.002734434669243811,0.03868287363675274,0.004573523473336993
 Mar,País Vasco,128213,5010,24134,28034,4579,31448,35008,2694,15362,8793,86809,14555,2220504,0.05774049495069588,0.002256244528269258,0.01086870368168668,0.012625061697704665,0.002062144450088809,0.014162550484034255,0.01576579010891221,0.0012132380756801158,0.0069182491902739195,0.0039599118038067035,0.03909427769551417,0.006554818185420967
 Mar,La Rioja,17973,662,3012,4047,578,4181,5493,1795,3308,1096,10880,894,319914,0.056180723569459294,0.002069306126021368,0.009415030289390273,0.01265027476134211,0.0018067355601817988,0.013069137330657614,0.017170239501866125,0.005610882924786036,0.010340278949967804,0.0034259207161924767,0.034009139956363274,0.0027945010221497027
May,Andalucía,969087,43203,182228,188099,42803,264164,248590,74549,59415,90076,655723,89324,8464411,0.11448959649998092,0.005104076349789726,0.021528727751995973,0.02222233773856208,0.005056819665302169,0.031208787002426984,0.029368847991903986,0.008807346429657066,0.007019389772070378,0.010641732779752779,0.07746823730558453,0.010552890212916173
May,Aragón,78529,4200,13644,15317,3906,19916,21546,3167,9004,5134,55449,5775,1329391,0.05907140938971303,0.0031593413826331005,0.010263346148725244,0.011521817132807428,0.0029381874858487836,0.014981295946790674,0.016207421292907805,0.0023822938473331023,0.006773026145054389,0.003861918728199604,0.04171007626800542,0.004344094401120513
May,Principado de Asturias,83860,3012,16142,18890,2703,20176,22937,1446,7176,7404,60776,7058,1018784,0.08231381725665107,0.002956465747400823,0.01584437918145554,0.01854171247290888,0.002653162986462292,0.01980400163331972,0.02251409523510381,0.0014193391337123473,0.007043691302572479,0.007267487514527123,0.059655432358576496,0.006927866947262619
May,Islas Baleares,74689,5149,15786,13515,4748,19797,15694,864,3047,8167,59310,3301,1171543,0.06375267489114783,0.004395058482701873,0.013474537426283115,0.011536068245040942,0.0040527748447986974,0.016898227380471736,0.013396008511851465,0.0007374889355320291,0.002600843502970015,0.00697114830612278,0.05062554255370908,0.0028176515928139217
May,Canarias,261074,10077,49066,60440,9136,61430,70925,5307,9981,25466,203290,17030,2175952,0.11998150694500614,0.0046310764208034,0.02254921064435245,0.02777634800767664,0.004198622028427097,0.028231321279145863,0.03259492856460069,0.0024389324764516863,0.004586957800539718,0.011703383162863887,0.09342577409795805,0.007826459407192806
May,Cantabria,43756,1800,8339,9535,1610,10948,11524,684,3416,3485,33133,3038,582905,0.07506540516893834,0.0030879817465967866,0.014305933213817002,0.01635772552988909,0.0027620281177893483,0.018781791200967568,0.01976994535987854,0.001173433063706779,0.005860303136874791,0.005978675770494334,0.056841166227772966,0.0052118269700894655
May,Castilla-La Mancha,193944,9005,29712,35776,8738,51503,59210,14383,19343,15372,131142,13704,2045221,0.09482789390486407,0.004402947163167208,0.01452752538723199,0.0174924861420844,0.004272398924126048,0.025182119682909572,0.02895041660534485,0.007032491843179784,0.009457657632109194,0.007516058166819136,0.06412118788140744,0.00670049838134852
May,Castilla y León,170292,8054,29559,36588,7076,40247,48768,8367,15925,12354,119578,14068,2394918,0.0711055660360814,0.0033629543892525755,0.012342385000238003,0.015277349788176464,0.0029545896769743265,0.01680516827716022,0.020363118904279814,0.0034936477992148374,0.006649496976514436,0.005158422960619111,0.049929893215550594,0.005874105084182423
May,Cataluña,483149,20484,91794,106365,18231,113048,133227,8431,51016,38024,358846,26832,7780479,0.06209759064962453,0.002632742791285729,0.011797988272958516,0.013670752147779077,0.002343171930674191,0.014529696693481212,0.017123238813445806,0.0010836093767491693,0.006556922780718256,0.004887102709229085,0.0461213249209978,0.003448630861930223
May,Ceuta,11997,653,2193,2127,747,3461,2816,75,474,563,8888,1997,84202,0.14247880097859908,0.00775516020997126,0.026044512006840694,0.025260682644117717,0.008871523241728225,0.04110353673309423,0.03344338614284696,0.0008907151849124724,0.005629319968646826,0.006686301988076293,0.10555568751336072,0.023716776323602765
May,Comunidad Valenciana,440517,20054,74293,91153,17967,107739,129311,14247,57564,34318,307893,26495,5057353,0.08710426185397777,0.003965315452569753,0.014690095787262625,0.018023855562386094,0.003552648984557732,0.021303436797866393,0.025568909269335163,0.0028170863295482835,0.011382238890581693,0.006785763224358672,0.060880266811511874,0.005238906597977242
May,Extremadura,111389,5297,17661,21220,5095,29420,32696,10144,6620,9329,79012,6284,1063987,0.10469018888388675,0.004978444285503488,0.016598887016476705,0.01994385269744837,0.004788592341823725,0.02765071377751796,0.03072969876511649,0.009533951072710475,0.006221880530495203,0.008767964270240144,0.0742603058120071,0.005906087198433815
May,Galicia,191082,4952,34883,44096,4632,47789,54730,6292,21115,15598,134229,13848,2701819,0.0707234644511716,0.001832839283460513,0.012910931487268393,0.016320856430427057,0.0017144005575503022,0.017687713351634583,0.02025672334083075,0.0023288014482095213,0.00781510530498157,0.00577314764608584,0.04968097418813029,0.005125435863764375
May,Comunidad de Madrid,419359,17196,76942,87848,16606,104315,116452,2856,24290,33034,335370,23809,6779888,0.0618533816487824,0.002536325083836193,0.011348565050042125,0.0129571461947454,0.0024493029973356494,0.015385947378481769,0.017176094944341264,0.0004212458966873789,0.0035826550527088353,0.0048723518736592695,0.0494654188977753,0.0035117099279516123
May,Melilla,9325,584,1365,1662,721,2703,2290,64,154,642,6779,1686,87076,0.10709035784831641,0.0067067848775782075,0.015675961229270983,0.019086774771464008,0.008280123110845698,0.031041848500160778,0.02629886535899674,0.0007349901235702145,0.0017685699848408287,0.007372869677063715,0.07785153199503882,0.01936239606780284
May,Región de Murcia,114168,5564,19232,21727,5532,30601,31512,7127,12451,9412,75886,9292,1511251,0.07554535944062238,0.0036817179939004174,0.012725880743834081,0.014376830850732275,0.0036605434835113426,0.020248787263002638,0.02085159910564162,0.0047159604857168,0.008238869651699156,0.006227952868186688,0.050214027980792074,0.0061485484542276566
May,Navarra,41137,2254,7780,7682,2134,10761,10526,2010,5393,1892,28528,3314,661197,0.062215950768076685,0.0034089688852187773,0.011766538565661974,0.0116183225271742,0.0032274798584990554,0.016275028471091066,0.015919612460431613,0.0030399411975553427,0.008156419342495504,0.002861476987947616,0.0431459912855019,0.005012121954576321
May,País Vasco,141715,5969,27957,30197,5332,35100,37160,2726,17321,9396,96655,15617,2220504,0.06382109647179199,0.002688128460925988,0.01259038488559354,0.013599164874280794,0.0024012566516430503,0.015807222144161866,0.01673493945518675,0.001227649218375648,0.0078004813321660305,0.004231471773975638,0.04352840616364573,0.007033087983628942
May,La Rioja,18707,721,3076,3981,629,4538,5762,1406,3544,1058,11780,919,319914,0.05847509018048601,0.0022537306901229707,0.009615084053839469,0.012443969316753878,0.0019661534037272517,0.014185062235475785,0.018011090480566653,0.0043949311377432685,0.011077977206374214,0.0033071387935507666,0.03682239601893009,0.00287264702388767
Nov,Andalucía,966504,48132,169336,181952,50311,259737,257036,77457,53199,83347,641607,110894,8464411,0.11418443645990252,0.005686396844387637,0.02000564481096204,0.02149612063969956,0.005943827633133599,0.030685773646860957,0.030366672884858732,0.0091509025258816,0.006285020895133755,0.009846757204960865,0.07580054891001867,0.01310120692390764
Nov,Aragón,80156,4797,12692,15634,4624,20013,22396,5136,8900,4808,53766,7546,1329391,0.060295278063414,0.003608419193450234,0.00954722876866174,0.011760272184782355,0.003478284417451299,0.015054261688246723,0.016846811810821646,0.0038634231764770486,0.006694794834627284,0.0036166936589761777,0.040444083042536015,0.005676283350797471
Nov,Principado de Asturias,81514,3490,14683,18301,2974,19018,23048,1606,6573,6243,58825,8267,1018784,0.08001107202311776,0.0034256525426390677,0.014412279737412445,0.017963572258692717,0.0029191663787417155,0.018667352451550084,0.02262304865408173,0.0015763891070138519,0.006451809215692434,0.00612789364575808,0.05774040424663128,0.008114575808022113
Nov,Islas Baleares,85330,6864,17509,15273,6175,22080,17429,1158,3369,9344,66117,5342,1171543,0.07283556813535653,0.005858939876726676,0.014945247421562845,0.013036653370810973,0.0052708265936461576,0.0188469394635963,0.014876961409013583,0.0009884400316505669,0.0028756947034807943,0.007975806265753796,0.05643582864649441,0.004559798487976967
Nov,Canarias,268319,11836,48329,61557,10590,61760,74247,5713,9808,24700,205740,22358,2175952,0.12331108406803092,0.005439458223343162,0.02221050832003647,0.028289686537203027,0.0048668352978374525,0.028382979036302273,0.034121616653308526,0.0026255174746501763,0.0045074523702728735,0.011351353338676588,0.09455171805260411,0.010275042831827173
Nov,Cantabria,42053,1981,7362,9033,1701,10281,11695,713,3276,2851,31723,3490,582905,0.07214383132757482,0.0033984954666712417,0.012629845343580857,0.015496521731671542,0.0029181427505339634,0.01763752240931198,0.020063303625805235,0.0012231838807352827,0.005620126778806152,0.004891019977526355,0.05442224719293882,0.005987253497568215
Nov,Castilla-La Mancha,182652,8455,25351,33101,8924,47508,59313,14622,17265,13041,121674,16050,2045221,0.08930673017732559,0.004134027569636729,0.012395237482893047,0.016184559028095253,0.004363342641210901,0.023228785544447274,0.029000777911042375,0.007149349630186664,0.008441630513279494,0.006376328034965415,0.059491859314959115,0.00784756268393489
Nov,Castilla y León,163687,8318,26103,34542,7940,38366,48418,10600,14116,10238,112234,16499,2394918,0.06834764280029629,0.00347318780851787,0.01089932932985597,0.014423040788870432,0.003315353594569835,0.016019755164894997,0.020216976113587186,0.0044260388038337845,0.00589414752404884,0.004274885403174555,0.04686339991598877,0.006889171153250341
Nov,Cataluña,484748,20650,87699,108897,17377,112709,137416,10967,49174,36644,356837,31126,7780479,0.06230310498878026,0.0026540782386277246,0.011271671062925561,0.013996181983140113,0.0022334100509750106,0.014486126111258702,0.017661637541853143,0.001409553319275073,0.006320176431296839,0.004709735737349847,0.04586311459744317,0.00400052490341533
Nov,Ceuta,13160,798,2306,2181,964,3901,3010,81,499,495,9768,2317,84202,0.15629082444597517,0.009477209567468706,0.02738652288544215,0.0259019975772547,0.011448659176741646,0.046329065817914065,0.03574736942115389,0.0009619723997054702,0.005926225030284316,0.005878720220422318,0.1160067456830004,0.02751716111256265
Nov,Comunidad Valenciana,433671,23159,68361,89307,20364,102852,129628,14627,53052,32941,297816,35235,5057353,0.08575058929048457,0.004579272991226834,0.013517150177177665,0.01765884248143248,0.004026612340487208,0.020337121019632205,0.025631590280528173,0.0028922244502212918,0.010490072573537975,0.0065134864028672705,0.0588877224904016,0.0069670833734564305
Nov,Extremadura,110825,6042,16436,20615,6250,28421,33061,13297,6362,8543,74419,8204,1063987,0.10416010721935512,0.00567864081046103,0.015447557160002895,0.01937523672751641,0.0058741319207847465,0.026711792531299725,0.03107274806929032,0.012497333144107965,0.005979396364805209,0.008029233439882254,0.0699435237460608,0.007710620524498889
Nov,Galicia,187472,5304,32071,42989,5244,46123,55741,7054,19687,13733,130498,16500,2701819,0.06938732757449703,0.001963121881961745,0.011870151183332414,0.015911132462981422,0.0019409146208535805,0.017071091734864548,0.020630915690503324,0.002610833664283211,0.0072865724906072534,0.005082871946640393,0.048300052668220926,0.006106996804745248
Nov,Comunidad de Madrid,429796,19848,72886,89178,19003,105021,123860,3383,24231,31679,340228,30275,6779888,0.06339278760947084,0.002927481987903045,0.01075032507911635,0.013153314627026288,0.002802848660626842,0.01549007889215869,0.01826873836263962,0.0004989757942904071,0.003573952844058781,0.004672496064831749,0.05018194990831707,0.004465412997972828
Nov,Melilla,9855,734,1405,1668,792,2885,2371,73,178,566,7002,2036,87076,0.11317699480913225,0.008429417979695897,0.016135330056502365,0.019155680095548716,0.009095502779181405,0.033131976664063575,0.02722908723414029,0.0008383481096972759,0.0020441912811796593,0.006500068905324085,0.08041251320685379,0.02338187330607745
Nov,Región de Murcia,120608,6780,19357,21990,7109,32149,33223,9775,11829,9102,78046,11856,1511251,0.07980672965642371,0.004486349388685268,0.012808593675041407,0.014550858857992484,0.004704049823622945,0.021273104203074142,0.021983773708007474,0.006468151220412758,0.00782729010601151,0.006022824798792524,0.051643307432054635,0.007845156099152291
Nov,Navarra,39527,2392,6798,7414,2293,10255,10375,2259,5213,1788,26157,4110,661197,0.059780972992920414,0.0036176812659464578,0.010281353363672249,0.011212997034166821,0.0034679528189026873,0.01550974974175624,0.01569123876847596,0.003416530927998766,0.007884185802415922,0.002704186498123857,0.039560070599231396,0.006215999165150477
Nov,País Vasco,132436,6281,24238,28862,5633,31724,35698,2814,15300,8594,89043,16685,2220504,0.05964231543829689,0.0028286371022074267,0.01091553989544716,0.01299795001495156,0.0025368114626229,0.014286846589783221,0.016076530373284624,0.0012672798607883617,0.006890327601301326,0.0038702925101688625,0.04010035559494601,0.0075140598710923285
Nov,La Rioja,18999,814,2969,3998,776,4511,5931,2114,3374,1002,11317,1192,319914,0.05938783548078546,0.002544433816588208,0.00928061916640097,0.012497108597935696,0.002425651893946498,0.01410066455359878,0.01853935745231531,0.0066080259069624964,0.010546584394556037,0.0031320917496577205,0.035375132066742934,0.0037260013628662705
Oct,Andalucía,965407,48294,170969,183995,48779,258212,255158,81580,53640,83856,637594,108737,8464411,0.1140548350026954,0.005705535801605097,0.020198570225382486,0.021737484155719754,0.005762834531546259,0.03050560753725215,0.030144802751189657,0.009638000801237086,0.006337121389781286,0.00990689133597128,0.07532644622289726,0.012846375252808495
Oct,Aragón,77866,4664,12387,15334,4382,19327,21772,5117,8543,4722,52058,7426,1329391,0.05857268478574024,0.0035083733830001858,0.00931780040635148,0.011534604943165706,0.0032962461758805346,0.014538235929083317,0.016377423948259015,0.0038491309178413273,0.0064262508171034705,0.0035520023830460713,0.03915928421359856,0.005586016454150811
Oct,Principado de Asturias,79704,3402,14264,18033,2804,18468,22733,1550,6532,6192,57234,8196,1018784,0.07823444420014448,0.0033392750573232404,0.01400100511982913,0.017700513553412695,0.002752300782108867,0.01812749316832616,0.02231385651914439,0.0015214216163583253,0.006411565160033923,0.006077833966768226,0.056178738574614445,0.00804488488236957
Oct,Islas Baleares,81713,6368,16699,14847,5710,21167,16922,1107,3222,9171,63196,5017,1171543,0.06974818679297302,0.005435566598921251,0.014253851544501567,0.012673030353986153,0.0048739141457035725,0.018067625345377848,0.014444198804482635,0.0009449076986504123,0.0027502191554215254,0.007828137763616018,0.05394253561328948,0.004282386561995591
Oct,Canarias,262487,11194,47182,60637,10029,60440,73005,5606,9690,24341,201661,21189,2175952,0.12063087788701221,0.005144414950329787,0.021683382721677684,0.027866883093009404,0.004609017110671559,0.02777634800767664,0.03355083200364714,0.0025763435958146134,0.004453223232865431,0.01118636808164886,0.09267713626035869,0.009737806716324625
Oct,Cantabria,40711,1830,7082,8951,1538,9913,11397,682,3165,2861,30608,3395,582905,0.06984156938094543,0.0031394481090400665,0.01214949262744358,0.01535584700765991,0.0026385088479254767,0.017006201696674415,0.01955207109220199,0.001170001972877227,0.005429701237766016,0.004908175431674115,0.05250941405546358,0.005824276683164495
Oct,Castilla-La Mancha,184314,8509,25982,33677,8926,48073,59147,16011,17264,12983,122171,15885,2045221,0.09011935629450314,0.004160430584274267,0.012703761598379833,0.01646619118422899,0.004364320530641921,0.023505039308710403,0.028919613088267723,0.007828493840030001,0.008441141568563983,0.006347969241465837,0.05973486483856757,0.007766886805875746
Oct,Castilla y León,158584,7855,25024,33411,7509,37277,47508,9971,13854,9902,108607,16250,2394918,0.06621688091199782,0.0032798617739730547,0.010448791983692135,0.013950790799517979,0.003135389186602631,0.01556504231042566,0.01983700485778636,0.00416339933141761,0.005784749206444647,0.004134588324109636,0.04534894305358263,0.006785200996443302
Oct,Cataluña,484559,22539,87319,107421,19240,111913,136127,11180,49252,36398,355406,32323,7780479,0.06227881342524027,0.002896865347236333,0.011222830882263161,0.013806476439304058,0.0024728554630119816,0.014383818785450099,0.017495966507974636,0.0014369295258042597,0.0063302015210117525,0.004678118146710504,0.04567919275921187,0.004154371472501886
Oct,Ceuta,13139,767,2279,2181,920,3947,3045,87,495,484,9792,2281,84202,0.15604142419419967,0.009109047291038218,0.02706586541887366,0.0259019975772547,0.01092610626825966,0.046875371131327045,0.03616303650744638,0.001033229614498468,0.005878720220422318,0.005748081993301822,0.11629177454217239,0.02708961782380466
Oct,Comunidad Valenciana,433531,23005,68016,89313,20151,103323,129723,14801,53853,32876,296908,35093,5057353,0.08572290682497347,0.004548822279164614,0.013448932672882434,0.01766002887281153,0.003984495446531022,0.020430252742887435,0.025650374810696427,0.0029266298002136692,0.010648455822640816,0.006500633829594256,0.05870818192837241,0.006939005444152307
Oct,Extremadura,109088,5883,16097,20538,5969,28085,32516,13337,6290,8277,73149,8035,1063987,0.10252756847593063,0.005529202894396266,0.01512894424461953,0.01930286742225234,0.005610030949626264,0.026395999199238337,0.03056052376579789,0.012534927588400985,0.005911726365077769,0.0077792303853336554,0.06874990013975735,0.00755178399736087
Oct,Galicia,181307,4899,30342,41800,5009,44683,54574,6672,19048,13457,125889,16241,2701819,0.06710553149563313,0.0018132228694816344,0.011230211942398807,0.015471058572021294,0.0018539361815132693,0.0165381174682686,0.020198984461949523,0.0024694474352278963,0.007050065159805301,0.004980718545542836,0.04659416489409542,0.006011135460961671
Oct,Comunidad de Madrid,430408,19619,73387,88911,18749,106061,123681,3280,24527,31204,341661,29736,6779888,0.06348305458733242,0.002893705618735885,0.01082422010511088,0.013113933445508244,0.0027653849149130486,0.015643473756498633,0.018242336746565724,0.0004837838029182783,0.003617611382370918,0.004602435910445718,0.05039331033197009,0.004385913159627415
Oct,Melilla,9638,660,1382,1661,731,2841,2363,74,166,578,6872,1948,87076,0.11068491892140199,0.007579585649317837,0.015871192980844318,0.019075290550783223,0.008394965317653545,0.03262667095410905,0.027137213468694014,0.0008498323303780605,0.0019063806330102439,0.0066378795534935,0.07891956451835179,0.022371261886168406
Oct,Región de Murcia,117827,6528,19029,21967,6530,31141,32632,9600,11623,9051,76012,11541,1511251,0.07796653236292317,0.004319600119371303,0.012591554943553388,0.014535639678650337,0.00432092352627062,0.020606107125818278,0.021592706969259242,0.006352353116722503,0.007690979195381839,0.005989077922859935,0.05029740261544906,0.007636719512509834
Oct,Navarra,38908,2325,6730,7333,2190,10027,10303,2303,5101,1760,25709,4035,661197,0.05884479209675785,0.003516349892694613,0.010178509581864406,0.011090491941131009,0.0033121747376349256,0.015164920590988767,0.015582345352444129,0.003483076904462664,0.007714796044144181,0.002661839058555922,0.03888251156614443,0.006102568523450651
Oct,País Vasco,138471,7062,25806,29830,5993,33128,36652,2977,16178,9112,92465,17739,2220504,0.062360166881032415,0.003180359053620259,0.011621685887528236,0.01343388708149141,0.002698936817947637,0.014919135475549695,0.016506162564895177,0.0013406866188937286,0.00728573332900999,0.00410357288255279,0.04164144716694949,0.00798872688362642
Oct,La Rioja,18381,712,2833,3994,712,4317,5813,2138,3264,952,10866,1161,319914,0.057456066317822914,0.0022255981294973023,0.008855504916946429,0.01248460523765762,0.0022255981294973023,0.013494251580112155,0.018170508324112104,0.0066830460686309445,0.010202741986908981,0.0029757997461817864,0.033965378195390014,0.0036291003207111912
Sep,Andalucía,955901,45965,169182,182337,46609,259079,252729,81822,53372,83707,631786,105214,8464411,0.11293177989584863,0.005430383756176301,0.01998745098743433,0.021541605198518835,0.005506467018201266,0.030608036400878925,0.029857836534638974,0.009666591095352057,0.006305459411174622,0.009889288220999666,0.07464027916413794,0.012430162004184344
Sep,Aragón,76710,4594,12246,15083,4242,19153,21392,4457,8575,4715,51698,7265,1329391,0.05770311368137741,0.003455717693289634,0.009211736802791654,0.01134579668434644,0.0031909347964594313,0.01440734892894566,0.016091578775544593,0.0033526629862846973,0.00645032198954258,0.003546736814075016,0.038888483523658576,0.005464908367816541
Sep,Principado de Asturias,78006,3224,13934,17673,2613,18220,22342,1491,6443,6235,55846,7991,1018784,0.07656775135848227,0.0031645569620253164,0.013677089549894777,0.01734715111348431,0.002564822376480196,0.01788406570970883,0.02193006564688884,0.0014635094387033954,0.0063242061123849605,0.006120041147093005,0.05481633005622389,0.007843664604077018
Sep,Islas Baleares,77112,5733,15680,14406,5230,19799,16264,1000,3116,9249,59090,4657,1171543,0.0658208874962336,0.004893546374311485,0.013384058459655344,0.012296603709808347,0.0044641980704080006,0.01689993453078547,0.013882546351264955,0.0008535751568657745,0.002659740188793753,0.007894716625851547,0.050437756019198615,0.003975099505523912
Sep,Canarias,254280,10079,45139,59323,9202,58844,71693,5499,9460,23786,195655,19880,2175952,0.11685919542342846,0.0046319955587255605,0.020744483334191197,0.027263009478150253,0.004228953579858379,0.02704287594579292,0.03294787752671015,0.002527169716979051,0.0043475223718170255,0.010931307308249446,0.08991696508011206,0.009136230946270873
Sep,Cantabria,39444,1659,6919,8881,1405,9563,11017,658,3097,2915,29468,3306,582905,0.06766797334042425,0.0028460898431133717,0.011869858724835093,0.01523575882862559,0.00241034130776027,0.016405760801502817,0.018900163834587112,0.0011288288829226032,0.005313044149561249,0.005000814884072019,0.05055369228261895,0.005671593141249431
Sep,Castilla-La Mancha,178088,7885,24369,31990,8427,47219,58198,12249,16657,12796,120840,15546,2045221,0.08707518649573812,0.00385532908179605,0.011915093772262264,0.015641341449163685,0.0041203371176024494,0.023087480521664896,0.02845560455324877,0.005989083820281524,0.008144352126249437,0.006256536579665474,0.05908407942222381,0.00760113454731787
Sep,Castilla y León,153384,7215,24011,32534,7068,36088,46468,7712,13533,9986,106081,16072,2394918,0.06404561659313597,0.003012629242420826,0.010025812992344623,0.013584598721125316,0.002951249270329924,0.015068574372901286,0.019402751994013992,0.0032201520052043534,0.005650715389837982,0.004169662593875865,0.044294209655612427,0.0067108769486053385
Sep,Cataluña,478201,21059,86167,105292,18049,112679,134955,10011,49428,36458,351205,31099,7780479,0.06146164008668361,0.002706645696235412,0.011074768018781362,0.013532842900803407,0.0023197800546727264,0.014482270307522197,0.017345333108668502,0.001286681706871775,0.006352822236265916,0.004685829754183515,0.04513925170930993,0.003997054680052475
Sep,Ceuta,12887,709,2252,2164,841,3908,3013,86,448,494,9652,2207,84202,0.15304862117289375,0.00842022754803924,0.026745207952305172,0.025700102135341202,0.00998788627348519,0.04641219923517256,0.03578299802855039,0.0010213534120329683,0.005320538704543835,0.005866844017956818,0.11462910619700245,0.02621077884135769
Sep,Comunidad Valenciana,437364,23029,69125,90432,19934,104643,130201,15459,54706,33697,298370,35132,5057353,0.0864808131842883,0.004553567844680804,0.013668217346109714,0.017881290865003886,0.003941587624988804,0.020691258846277885,0.02574489065722721,0.003056737388115878,0.010817121130362069,0.006662971716627255,0.05899726596106698,0.006946716988116115
Sep,Extremadura,106049,5420,15508,19988,5565,27728,31840,11939,5958,8238,72169,7745,1063987,0.09967133057076825,0.005094047201704532,0.014575366052404776,0.018785943813223283,0.0052303270622667385,0.02606046878392311,0.02992517765724581,0.011221001760359854,0.005599692477445683,0.007742575802147959,0.06782883625457829,0.007279224276236458
Sep,Galicia,176574,4567,29040,40750,4741,43895,53581,6271,18893,13341,122191,15878,2701819,0.06535374871521742,0.0016903426913497906,0.010748314376351636,0.015082431502628415,0.0017547437485634677,0.016246462105714704,0.0198314542906094,0.0023210289068216635,0.006992696401942543,0.0049377845074003845,0.04522545736779555,0.005876781531257275
Sep,Comunidad de Madrid,424411,18597,72415,87673,17769,105677,122280,3054,24122,30957,337332,28946,6779888,0.06259852670132604,0.0027429656655095186,0.010680854904977782,0.012931334558918968,0.0026208397542850266,0.015586835652742347,0.0180356961648924,0.000450449918936714,0.00355787588231546,0.004566004630164982,0.049754804209155075,0.004269392060753806
Sep,Melilla,9561,613,1380,1653,710,2876,2329,74,154,600,6835,1898,87076,0.10980063392898158,0.007039827277320961,0.01584822453948275,0.018983416785336948,0.008153796683357067,0.033028618677936515,0.026746749965547337,0.0008498323303780605,0.0017685699848408287,0.006890532408470761,0.07849464835316275,0.021797050852129175
Sep,Región de Murcia,118338,6413,19637,22380,6363,31190,32355,9847,11685,9252,76234,11320,1511251,0.07830466282569871,0.004243504222660564,0.012993870640945813,0.014808923203359336,0.004210419050177635,0.02063853059485155,0.02140941511370381,0.006515793868788177,0.007732004809260672,0.006122080316241313,0.050444300781273266,0.007490483050135285
Sep,Navarra,38145,2271,6504,7149,2104,10000,10117,2065,4940,1740,25479,3921,661197,0.05769082436853162,0.003434679830670738,0.00983670524820893,0.010812208766827435,0.003182107601819125,0.01512408555997683,0.01530103736102856,0.0031231236681352153,0.007471298266628554,0.0026315908874359685,0.038534657598264965,0.005930153948066915
Sep,País Vasco,144758,7947,27453,30331,6694,35156,37177,2644,17195,9448,96727,18744,2220504,0.06519150607249526,0.0035789172187935714,0.012363409388138909,0.013659511534318335,0.003014630912621639,0.015832441643879046,0.016742595374743752,0.001190720665218347,0.007743737457802373,0.004254889880855877,0.043560831234710676,0.008441326833907978
Sep,La Rioja,17272,614,2449,3649,666,4246,5648,1501,3139,928,10576,1128,319914,0.053989509680726695,0.0019192658026844715,0.007655182330251255,0.011406190413673675,0.002081809486299443,0.013272316935176328,0.017654744712641522,0.0046918859443475435,0.009812011978219147,0.002900779584513338,0.03305888457522959,0.0035259475984170748
